title,content,url,date,file_name
Police probing two suspicious deaths in Uragasmanhandiya,"COLOMBO (News 1st); Sri Lanka Police launched an investigation over two suspicious deaths in Korakina, Uragasmanhandiya.

A 38-year-old female was found dead under suspicious circumstances inside a house while a 39-year-old man was found hanging from a roof nearby, in a suspected suicide.

However, it is reported that the man and woman were previously married to two others and were living together for over a year in the house.",https://www.newsfirst.lk/2021/10/22/police-probing-two-suspicious-deaths-in-uragasmanhandiya/,2021-10-22,sample_data/3_en.json
"No fuel shortage, long queues due to rumours: CPC’s trade union","There is no shortage of fuel in the country and the reason behind having long queues is due to rumours spreading on social media regarding a possible fuel price hike, Ceylon Petroleum Corporation (CPC) Trade Union Collective said.

CPC Union Media Spokesman Bandula Saman Kumara told the Daily Mirror that due to rumours, people were seen gathered in long queues at filling stations.

""Due to refuelling vehicles other than on normal days, certain fuel stations ran out of their stock. So the filling stations had requested more fuel from the CPC. The CPC does not have the capacity to issue fuel other than the stocks they refine. The CPC refinery cannot refine fuel immediately to fulfil the ordered requirement. So the requested filling stations unable to receive their stocks on time,""he said.

The filling stations have placed more fresh order for fuel over and above the capacity they receive per day, he said.

Actually, there is no fuel shortage in the country and this is due to some unwanted phobia, he added.

The rumours spread via social media that there is a possibility of a fuel price hike, similar to the price increase of other commodities.

If an unusual volume of fuel is used in the country, the CPC will open another filling station to meet that demand. But so far, no such requirement has been made by any party.",https://www.dailymirror.lk/latest_news/No-fuel-shortage-long-queues-due-to-rumours-CPCs-trade-union/342-222990,2021-10-21,sample_data/10_en.json
16 மற்றும் 17 வயதான பாடசாலை மாணவர்களுக்கு தடுப்பூசி செலுத்தப்படுகிறது,"Colombo (News 1st) 16 மற்றும் 17 வயதான பாடசாலை மாணவர்களுக்கு தடுப்பூசி செலுத்தும் நடவடிக்கை இன்று ஆரம்பிக்கப்பட்டுள்ளதாக இராணுவத் தளபதி ஜெனரல் சவேந்திர சில்வா தெரிவித்தார்.

பாடசாலை அதிபர்களால் வழங்கப்படும் நேரத்தில் மாணவர்கள் தடுப்பூசியை பெற்றுக்கொள்ள முடியும்.

15 முதல் 19 வயதிற்குட்பட்ட அனைத்து பாடசாலை மாணவர்களுக்கும் எதிர்வரும் நாட்களில் தடுப்பூசி செலுத்தப்படும் என அவர் குறிப்பிட்டார்.

பிள்ளைகள் கூடிய விரைவில் தடுப்பூசியை பெற்றுக்கொள்ள நடவடிக்கை எடுக்குமாறு இராணுவத் தளபதி பெற்றோரிடம் கோரிக்கை விடுத்தார்.

இதனிடையே, இந்த நாட்களில் தடுப்பூசியை பெற முடியாமற்போனால், சனிக்கிழமைகளில் சுகாதார வைத்திய அதிகாரி அலுவலங்களில் தடுப்பூசியைப் பெற்றுக்கொள்ள முடியும் என சுகாதார ​சேவைகள் பிரதி பணிப்பாளர் நாயகம் விசேட வைத்திய நிபுணர் ஹேமந்த ஹேரத் தெரிவித்தார்.

சுகாதார வைத்திய அதிகாரி அலுவலகத்துடன் தொடர்பினை ஏற்படுத்தி, அறிவிக்கப்படும் நேரத்தில் தடுப்பூசியைப் பெற செல்லுமாறு அவர் அறிவுறுத்தினார்.",https://www.newsfirst.lk/tamil/2021/10/22/16-%e0%ae%ae%e0%ae%b1%e0%af%8d%e0%ae%b1%e0%af%81%e0%ae%ae%e0%af%8d-17-%e0%ae%b5%e0%ae%af%e0%ae%a4%e0%ae%be%e0%ae%a9-%e0%ae%aa%e0%ae%be%e0%ae%9f%e0%ae%9a%e0%ae%be%e0%ae%b2%e0%af%88-%e0%ae%ae%e0%ae%be/,2021-10-22,sample_data/2_ta.json
"CID ය සිය WhatsApp ඇමතුම්වලට සවන් දී ඇතැයි, පාඨලී කියයි","අධිකරණයේ අවසරයකින් තොරව අපරාධ පරීක්ෂණ දෙපාර්තමේන්තුව තම WhatsApp ඇමතුම්වලට සවන් දී ඇතැයි, පාඨලී චම්පික රණවක පාර්ලිමේන්තුවේදී වරප්‍රසාද ප්‍රශ්නයක් මතුකරමින් අද හෙළි කළේ ය.
මන්ත්‍රීවරයා සඳහන් කළේ පසුගියදා අපරාධ පරීක්ෂණ දෙපාර්තමේන්තුවට පැමිණ අවස්ථාවේ නිලධාරීන් කළ ප්‍රශ්න කිරීමේදී 2018 සහ 2019 වසරවලදී ඔවුන් තමාගේ දුරකතන සංවාදවලට සවන් දී ඇති බව තමන්ට ප්‍රකාශ කළ බවයි.

දුරකත සංවාද සම්බන්ධයෙන් මහේස්ත්‍රාත්වරයාගේ අවසරයක් ගත යුතුව තිබුණ ද , මන්ත්‍රීවරයා ප්‍රකාශ කළේ, අපරාධ පරීක්ෂණ දෙපාර්තමේතුවේ අධ්‍යක්ෂවරයා ඔවුන්ට ඒවා ලබා දුන් බව අදාළ නිලධාරීන් පැවසූ බවයි.

ඒ අනුව අපරාධ පරීක්ෂණ දෙපාර්තමේන්තුව සහ දුරකතන සේවා සැපයුම්කරුවන් තම පාර්ලිමේන්තු වරප්‍රසාදය උල්ලංඝණය කර ඇති බව මන්ත්‍රීවරයා කියා සිටි මන්ත්‍රීවරයා කතානායකවරයාගෙන් ඉල්ලා සිටියේ, අපරාාධ පරීක්ෂණ දෙපාර්තමේන්තුවේ ප්‍රධානීන් හා අදාළ දුරකතන සේවා සැපයුම්කරුවන් පාර්ලිමේන්තුවේ වරප්‍රසාද කමිටුව හමුවට කැඳවා මූලික පරීක්ෂණයක් සිදු කරන ලෙසයි.

පෙගසස් අපරාධ පරීක්ෂණ දෙපාර්තමේන්තුව සතුව තිබේ ද? පාඨලී ප්‍රශ්න කරයි
තව ද තවත් සුවිශේෂි කරුණක් සභාවේ විශේෂ අවධානයට ලක් කරවමින් මන්ත්‍රීවරයා ප්‍රශ්න කර සිටියේ ,සාමාන්‍ය දුරකතන ඇමතුමක් නොවන වට්ස්ඇප් ඇමතුමකට අපරාධ පරීක්ෂණ දෙපාර්තමේන්තු නිලධාරීන් සවන්දුන්නේ කෙසේ ද යන්නයි.

මන්ත්‍රීවරයා කියා සිටියේ, දත්තයක් ලෙස යන වට්ස්ඇප් ඇමතුම් හරහා සංවාද සිදු කළේ කා සමග ද යන්න‍ දැන ගැනීම දුරකතන සමාගම්වලට සාමාන්‍ය තොරතුරු තාක්ෂණ දත්ත පද්ධතිය යටතේ සිදු කළ නොහැක්කක් බවයි.

එසේ නම්, අපරාධ පරීක්ෂණ දෙපාර්තමේන්තුවට මෙලෙස වට්ස්ඇප් ඇමතුම්වලට සවන් දීමට හැකියාව ලැබෙන්නේ, යම් සුවිශේෂි තාක්ෂණයක් අපරාධ පරීක්ෂණ දෙපාර්තමේන්තුව සතුව තිබුණොත් පමණක් බව ද මන්ත්‍රීවරයා අවධාරණයෙන් යුතුව ප්‍රකාශ කර සිටියේ ය.",https://www.newsfirst.lk/sinhala/2021/10/21/cid-%e0%b6%ba-%e0%b7%83%e0%b7%92%e0%b6%ba-whatsapp-%e0%b6%87%e0%b6%b8%e0%b6%ad%e0%b7%94%e0%b6%b8%e0%b7%8a%e0%b7%80%e0%b6%bd%e0%b6%a7-%e0%b7%83%e0%b7%80%e0%b6%b1%e0%b7%8a-%e0%b6%af%e0%b7%93-%e0%b6%87/,YYYY-MM-DD,sample_data/7_si.json
Mahela to leave SL team after today’s game,"Former national cricket captain Mahela Jayawardene has decided to leave the Sri Lankan squad before the Super 12 stage of the ICC Men's T20 World Cup 2021. 

He had joined the Sri Lanka team bio-bubble as a consultant for the first round of the T20 World Cup after the completion of the IPL.

Sri Lanka qualified for the Super 12 stage after winning the first two matches in the first round. The role Jayawardene played during this phase was lauded by the skipper and the support group.

Speaking to the media from the UAE, the Sri Lankan legend revealed that continuous spells of bio-bubbles and quarantines have unfortunately taken their toll on him and he wants to get back home.

“It’s tough. I just counted that I have been 135 days in quarantine and bubbles since June and I am in (the) last legs. But I totally understand and I told them I will be with the group with the technology that we have. I hope that anyone can understand that being a father that I haven’t seen my daughter for that many days. I definitely need to get back home,” Jayawardene stated.",https://www.dailymirror.lk/breaking_news/Mahela-to-leave-SL-team-after-todays-game/108-223063,2021-10-22,sample_data/2_en.json
,,,YYYY-MM-DD,sample_data/template.json
இலங்கை பெற்றோர்களுக்கு இராணுவ தளபதி விடுக்கும் கோரிக்கை,"நாட்டில் நிலவும் கொவிட் நிலைமைக்கு மத்தியில் பிள்ளைகளை பாடசாலைக்கு அனுப்பும் போது பெற்றோர் மிகவும் அவதானமாக இருக்க வேண்டும் என இராணுவ தளபதி ஷவேந்திர சில்வா கேட்டுக்கொண்டுள்ளார்.

200 இற்கும் குறைவான மாணவர்கள் கொண்ட பாடசாலைகள் நேற்று முதல் திறக்கப்பட்டுள்ளன. எனினும் மாணவர்களை பாடசாலைகளுக்கு அனுப்பும் போது பிள்ளைகளுக்கு சுகாதார ஆலோசனை வழங்கி அனுப்ப பெற்றோர் நடவடிக்கை மேற்கொள்ள வேண்டும்.

பாடசாலைகளுக்கு வரும் பெற்றோர்களை உட்பட பிள்ளைகளை சந்திக்கும் போது முகக் கவசத்தை அகற்ற வேண்டாம் என்ற விடயத்தை பிள்ளைகளுக்கு தெரியப்படுத்தி அனுப்புங்கள். அத்துடன் ஏனைய சுகாதார வழிமுறைகள் அனைத்தையும் உரிய முறையில் பின்பற்ற வேண்டும் என பிள்ளைகளுக்கு தெரியப்படுத்துவது பெற்றோர்களின் கடமையாகும்.

பாடசாலைகளுக்கு அனுப்பும் போதும், பிள்ளைகள் வீடு திரும்பும் போதும் அவர்கள் தொடர்பில் பெற்றோர் தீவிர அவதானம் செலுத்த வேண்டும் என இராணுவ தளபதி மேலும் தெரிவித்துள்ளார்.",https://tamilwin.com/article/army-commander-s-request-to-sri-lankan-parents-1634870102?itm_source=parsely-api,2021-10-22,sample_data/3_ta.json
පොහොර අර්බුදය : 'පොටෑසියම් ක්ලෝරයිඩ්' කාබනික පොහොර කතාව වෙනස් කරයි,"කෘෂිකර්ම අමාත්‍යාංශය විසින් ඔත්තෝබර් 13 වැනි දා නිකුත් කළ මාධ්‍ය නිවේදනයට අනුව මහ කන්නය සඳහා අවශ්‍ය පොටෑසියම් ක්ලෝරයිඩ් කාබනික පොහොර මෙට්‍රික් ටොන් 30,000ක් ශ්‍රී ලංකාවට ආනයනය කර තිබේ.

ඒ පුවත රජයේ ප්‍රවෘත්ති දෙපාර්තමේන්තුව සහ ප්‍රධාන මාධ්‍ය ද වාර්තා කරන ලදී. එහෙත් පොටෑසියම් ක්ලෝරයිඩ් යනු කාබනික සංයෝගයක් නොවන බව රසායන විද්‍යාඥයින්, රසායන විද්‍යාව පිළිබඳ මහාචාර්යවරුන් සහ රසායන විද්‍යාව හදාරන ලද බොහෝ දෙනෙකු පවසති.

මේ ගැන කෘෂිකර්ම අමාත්‍ය මහින්දානන්ද අලුත්ගමගේ ෆේස් බුක් ගිණුමෙහි තබන ලද සටහන ද පසුව වෙනස් කළ බව ද සඳහන් කරමින් බොහෝ දෙනා සමාජ මාධ්‍ය ඔස්සේ අදහස් පළ කර ඇති ආකාරය දක්නට ලැබේ.",https://www.bbc.com/sinhala/sri-lanka-58894230,YYYY-MM-DD,sample_data/6_si.json
லங்கா IOC எரிபொருள் விலைகள் அதிகரிப்பு,"இன்று (21) நள்ளிரவு முதல் ஒக்டேன் 92 ரக பெட்ரோல் மற்றும் ஒட்டோ டீசல் ஆகியவற்றின் விலைகளை அதிகரிப்பதற்கு லங்கா IOC நிறுவனம் தீர்மானித்துள்ளது.

அதனடிப்படையில், ஒக்டேன் 92 ரக பெட்ரோல் ஒரு லீட்டரின் விலையை 5 ரூபாவினாலும் மற்றும் ஒட்டோ டீசல் ஒரு லீட்டரின் விலையை 5 ரூபாவினாலும் அதிகரிக்க தீர்மானிக்கப்பட்டுள்ளது.",https://www.newsfirst.lk/tamil/2021/10/21/%e0%ae%b2%e0%ae%99%e0%af%8d%e0%ae%95%e0%ae%be-ioc-%e0%ae%8e%e0%ae%b0%e0%ae%bf%e0%ae%aa%e0%af%8a%e0%ae%b0%e0%af%81%e0%ae%b3%e0%af%8d-%e0%ae%b5%e0%ae%bf%e0%ae%b2%e0%af%88%e0%ae%95%e0%ae%b3%e0%af%8d/,2021-10-21,sample_data/10_ta.json
First ever sextuplet birth in SL,"The first ever sextuplet birth was reported last morning from the Ninewells Hospitals in Colombo, Senior Operation Manager- Susantha Pieris said.  All the six infants were born between 12.16 a.m. and 12.18 a.m. last morning.   

“The mother is 31-year-old resident of Angoda. The 35-year-old father of the sextuplets is a technical officer,” Mr. Pieris said.  


He said the mother had given birth to three boys and three girls.  


“The mother and children are healthy, but the second baby girl is being kept in ventilator and is said to be in a stable condition,” he said.  


The caesarean surgery was performed by Obstetrician and Gynecologist Prof. Tiran Dias.

  
The 30-week-old babies are currently being cared for in the neonatal unit under the care of specialist Dr.Nalin Gamaethige and specialist Dr. Buddhima Jayasinghe. Dr. Sankalpa Marasinghe had led the group of specialists.

",https://www.dailymirror.lk/print/front_page/First-ever-sextuplet-birth-in-SL/238-223023,2021-10-22,sample_data/9_en.json
நிருபமா ராஜபக்ஸவின் பண கொடுக்கல் வாங்கல்கள் பண்டோரா பேப்பர்ஸில் அம்பலம்,"முன்னாள் அமைச்சர் நிருபமா ராஜபக்ஸவின் பண கொடுக்கல் வாங்கல்கள் மற்றும் சொத்துக்கள் தொடர்பிலான தகவல்கள் பண்டோரா பேப்பர்ஸில் (PANDORA PAPERS) வௌிக்கொணரப்பட்டுள்ளன.

நிருபமா ராஜபக்ஸ ஜனாதிபதி கோட்டாபய ராஜபக்ஸவின் உறவினர் ஆவார்.

இவர் முன்னாள் பாராளுமன்ற உறுப்பினர் என்பதுடன், 2010 ஆம் ஆண்டில் இருந்து 2015 ஆம் ஆண்டு வரை நீர் வழங்கல் மற்றும் வடிகாலமைப்பு பிரதி அமைச்சராக கடமையாற்றியுள்ளார்.

அவரது கணவர் திருக்குமார் நடேசன் ஆலோசகராகவும், ஹோட்டல் தொழில்முனைவோராகவும் பணிபுரிந்துள்ளதாக அவரது நிறுவன இணையதளத்தில் கூறப்பட்டுள்ளது.

இவர்கள் அமெரிக்கா சமோவா, பிரித்தானியா, வர்ஜின் தீவுகள் மற்றும் நியூஸிலாந்தில் 8 நிறுவனங்களை நிறுவியுள்ளதாக பண்டோரா ஆவணங்களில் குறிப்பிடப்பட்டுள்ளது.

லண்டன் நகரிலும் அவுஸ்திரேலியாவின் சிட்னி நகரிலும் சொகுசு குடியிருப்பு தொகுதிகளை கொள்வனவு செய்வதற்காக இதில் ஒரு நிறுவனம் ஸ்தாபிக்கப்பட்டுள்ளது.

இலங்கை அரசாங்கத்துடன் வர்த்தக கொடுக்கல் வாங்கல்களை மேற்கொண்ட சில வௌிநாட்டு நிறுவனங்களுக்கு திருக்குமார் நடேசனுக்கு சொந்தமான மற்றுமொரு நிறுவனம் அலோசனை சேவைகளை வழங்கியுள்ளதாகவும் பன்டோரா அம்பலப்படுத்தியுள்ளது.

இதனிடையே, சிங்கப்பூரிலுள்ள Asiaciti Trust என்ற நிறுவனமும் இந்த செயற்பாடுகளுக்கான பங்களிப்பை வழங்கியுள்ளது.

2016 ஆம் ஆண்டு நிதி தூய்தாக்கல் தொடர்பில் திருக்குமார் நடேசன்மீது இலங்கையில் குற்றச்சாட்டுகள் சுமத்தப்பட்டிருந்த நிலையிலும் சிங்கப்பூரின் Asiaciti Trust நிறுவனம் ஊடாக அவரது வௌிநாட்டு கொடுக்கல் வாங்கல்களுக்கு ஒத்துழைப்புகள் வழங்கப்பட்டுள்ளதாக அந்த ஆவணத்தில் தகவல்கள் வௌியிடப்பட்டுள்ளன.

2011 ஆம் ஆண்டில் திருக்குமார் நடேசனின் மொத்த சொத்துக்களின் மதிப்பு 160 மில்லியனுக்கு அதிகமாகும்.

PACIFIC COMMODITIES என்ற மற்றுமொரு நிறுவனம் ஊடாக அவர் பெறுமதியான கலை படைப்புக்களை போலி ஆவணம் தயாரித்து வரி ஏய்ப்பு செய்து தன்வசம் வைத்திருப்பதாகவும் பண்டோரா ஆவணம் தெரிவிக்கின்றது.

இந்த விடயங்கள் தொடர்பில் வினவுவதற்கு ICIA எனப்படுகின்ற சர்வதேச புலனாய்வு ஊடகவியலாளர்கள் ஒன்றியம் திருக்குமார் நடேசன் மற்றும் அவரது மனைவியான முன்னாள் பிரதி அமைச்சர் நிருபமா ராஜபக்ஸவை தொடர்புகொள்வதற்கு முயற்சித்தாலும் அவர்கள் பதிலளிப்பதை தவிர்த்துக்கொண்டதாக அறிவிக்கப்பட்டுள்ளது.

திருக்குமார் நடேசன் மற்றும் நிருபமா ராஜபக்ஸவினால் நடத்திச்செல்லப்பட்ட இரண்டு நிறுவனங்கள் ஊடாக மேலும் இரண்டு இலங்கையர்களுக்கு அனுகூலம் பெறப்பட்டதாகவும் பண்டோரா ஆவணங்களில் குறிப்பிடப்பட்டுள்ளது.

இதேவேளை, உலகத் தலைவர்கள், அரசியல்வாதிகள் மற்றும் கோடீஸ்வரர்களின் இரகசிய பண கொடுக்கல் வாங்கல்கள் மற்றும் இரகசிய சொத்துக்கள் தொடர்பிலான தகவல்கள் பாரிய நிதி ஆவணத்தினூடாக (PANDORA PAPERS) அம்பலமாகியுள்ளன.

இந்நாள் மற்றும் முன்னாள் உலக தலைவர்கள் 35 பேர், 300-க்கும் அதிகமான சிவில் அதிகாரிகளின் வௌிநாடுகளிலுள்ள சொத்துக்களின் விபரங்கள் உள்ளடங்கிய நிதி ஆவணங்கள் பண்டோரா பேப்பர்ஸ் எனப்படும் ஆவணக் கசிவில் அம்பலமாகியுள்ளது.

ஜோர்தான் மன்னர் 70 மில்லியன் யூரோ பெறுமதியான பணம் மற்றும் அமெரிக்க சொத்துக்களை இரகசியமாக திரட்டியுள்ளதாக வௌிக்கொணரப்பட்டுள்ளது.

பிரித்தானியாவின் முன்னாள் பிரதமர் Tony Blair மற்றும் அவரது பாரியார் 3,12,000 யூரோ சொத்துக்களை ஆட்சிக்காலத்தில் திரட்டியுள்ளமை கண்டறியப்பட்டுள்ளது.

ரஷ்ய ஜனாதிபதி விளாடிமிர் புடின் மொனாக்கோவில் திரட்டியுள்ள சொத்துக்களின் விபரங்களும் பண்டோரா பேப்பர்ஸ் மூலம் தெரியவந்துள்ளது.

செக் குடியரசின் பிரதமர் Andrej Babis, பிரான்ஸில் கொள்வனவு செய்துள்ள 12 மில்லியன் யூரோ பெறுமதிமிக்க வில்லாக்கள் தொடர்பிலான முதலீட்டு தகவல்களை உறுதிப்படுத்த தவறியுள்ளார்.

FinCen கோப்புக்கள், Paradise Papers, Panama Papers மற்றும் LuxLeaks இன் தொடர்ச்சியாக, கடந்த ஏழு வருடங்களில் உலக தலைவர்கள், அரசியல்வாதிகள் மற்றும் கோடீஸ்வரர்கள் மேற்கொண்ட இரகசிய நிதி நடவடிக்கைகள் தொடர்பிலான தகவல்களை பண்டோரா பேப்பர்ஸ் அம்பலப்படுத்தியுள்ளது.

2016 ஆம் ஆண்டில் முதற்தடவையாக பதுக்கி வைக்கப்பட்டுள்ள பணம் தொடர்பிலான பட்டியல் Panama Papers என்ற பெயரில் வௌியானது.

கணக்குகளை பகிரங்கப்படுத்த முடியாத பணத்தை இரகசியமாக உலகின் பல்வேறு இடங்களில் பதுக்கி வைக்கும் பிரமுகர்கள் தொடர்பில் ஆராயும் குழுவொன்றே இந்த பட்டியலை வௌியிட்டுள்ளது.

இதில் 35 முன்னாள் மற்றும் தற்போதைய அரச தலைவர்கள் உள்ளிட்ட 300-க்கும் ​மேற்பட்ட பெயர்கள் அடங்கியுள்ளன.

புலனாய்வு ஊகவியலாளர்களால் உறுதிப்படுத்தப்பட்ட இரகசிய கொடுக்கல் வாங்கல் ஆவணக்கோவைகளின் எண்ணிக்கை 11 மில்லியனுக்கும் அதிகமாகும்.

90 நாடுகளை சேர்ந்த பிரமுகர்களின் கொடுக்கல் வாங்கல்கள் தொடர்பான தகவல்கள் இதில் பட்டியலிடப்பட்டுள்ளன.

சீஷெல்ஸ், ஹாங்காங், பிரித்தானியா, வர்ஜீனியா, சைப்ரஸ், பனாமா, துபாய், மொனாக்கோ, சுவிட்சர்லாந்து மற்றும் கேமன் தீவுகளில் உள்ள வங்கிகளில் இந்த வங்கிக் கணக்குகள் கண்டறியப்பட்டுள்ளன.

இந்தியாவின் ஆறு அரசியல்வாதிகளின் இரகசிய கணக்குகள் தொடர்பிலும் பண்டோரா பேப்பர்ஸில் குறிப்பிடப்பட்டுள்ளது.

கிரிக்கெட் வீரர் சச்சின் டெண்டுல்கரின் பெயரும் இந்த பட்டியலில் உள்ளடக்கப்பட்டுள்ளது.

எவ்வாறாயினும், இந்த தகவல்கள் சட்டபூர்வமாக வௌியிடப்பட்ட தகவல்கள் என சச்சின் டெண்டுல்கரின் சட்டத்தரணி கூறியுள்ளார்.

பாகிஸ்தான் பிரதமர் இம்ரான் கானுடன் தொடர்புகளை பேணும் 7 அரசியல்வாதிகளின் கொடுக்கல் வாங்கல்களையும் பண்டோரா பேப்பர்ஸ் அம்பலப்படுத்தியுள்ளது.

இந்த தகவல்கள் தொடர்பில் விசாரணை நடத்துமாறு பாகிஸ்தான் பிரதமர் ஏற்கனவே உத்தரவிட்டுள்ளதாகவும் தகவல்கள் வௌியாகியுள்ளன.",https://www.newsfirst.lk/tamil/2021/10/04/%e0%ae%a8%e0%ae%bf%e0%ae%b0%e0%af%81%e0%ae%aa%e0%ae%ae%e0%ae%be-%e0%ae%b0%e0%ae%be%e0%ae%9c%e0%ae%aa%e0%ae%95%e0%af%8d%e0%ae%b8%e0%ae%b5%e0%ae%bf%e0%ae%a9%e0%af%8d-%e0%ae%aa%e0%ae%a3-%e0%ae%95/,2021-10-04,sample_data/8_ta.json
X-Press Pearl නෞකාවට මොකද වෙන්නේ?,"ශ්‍රී ලංකාවේ කොළඹ වරායට නොදුරු මුහුදේ සිදුවු MV X-Press Pearl නෞකා අනතුර යනු කිසිදිනක අමතක කළ නොහැකි සහ මෙතෙක් අවසන් යැයි කිව නොහැකි මෙරට ඉතිහාසයේ සිදුවු දරුණුතම සමුද්‍රීය පාරිසරික ඛේදවාචකයකි. එපමණක් නොව විශේෂඥයන්ට අනුව මෙය ලෝක නාවික ඉතිහාසයේ රසායනික හා ප්ලාස්ටික් වලින් සිදුවූ දරුණුතම සමුද්‍රීය පාරිසරික හානිය වු සිද්ධියයි.

නෞකාව ගිනිගෙන මුහුදුබත් ව දින 150ක කාලයක් ගතවුවද මෙතෙක් ඉන් සිදුවන බලපෑම අවසන් වී නැත. සමුද්‍රීය පරිසර ආරක්ෂණ අධිකාරියට අනුව මේවන විටත් දෛනිකව තෙල් ලීටර් 20කට ආසන්න ප්‍රමාණයක් නෞකාවෙන් කාන්දු වෙමින් පවතියි.

දැනට පවතින අවදානම
එක්සත් ජාතීන්ගේ පාරිසරික උපදේශන කමිටුව පසුගිය ජුලි මාසයේ නිකුත් කළ වාර්තාවක දැක්වෙන්නේ, X-Press Pearl නෞකාවෙන් සිදුවිය හැකි හදිසි අවදානම් දෙකක් අවම කිරීම සඳහා කඩිනම් පියවර ගතයුතුව ඇති බවයි. එම අවදානම් නම්,

01 නෞකාවේ ඇති ඉන්ධන තෙල් හදිසි කාන්දුවක්.

02 සුන්බුන් සහ නැතිවූ බහාලුම් වලින් සිදුවන දූෂණය හා සංචලන අනතුරු.

නෞකාව ඉවත් කරන්නේ කොහොමද?
නෞකාව මුහුදුබත් වු ස්ථානයෙන් ඉවත් කිරීමට සමුද්‍රීය පරිසර ආරක්ෂණ අධිකාරිය කටයුතු කරමින් සිටියි
ඡායාරූප මූලාශ්‍රය,GETTY IMAGES
නෞකාව මුහුදුබත් වු ස්ථානයෙන් ඉවත් කිරීමට සමුද්‍රීය පරිසර ආරක්ෂණ අධිකාරිය කටයුතු කරමින් සිටියි. කෙසේවෙතත් නෞකාව එම ස්ථානයෙන් ඉවත් කිරීමේ වගකීම පැවරී ඇත්තේ නෞකාව හිමි සමාගමටය. ඒ අනුව නෞකාව ඉවත් කිරීමේ කටයුතු භාර දීම සඳහා නෞකාව හිමි සමාගම විසින් අන්තර් ජාතිකව ටෙන්ඩර් කැඳවා අවසන් කරනු ලැබ ඇති අතර සමාගම් 08ක් ඒ සඳහා ටෙන්ඩර් ඉදිරිපත් කර ඇති බව සමුද්‍රීය පරිසර ආරක්ෂණ අධිකාරිය පැවසීය.

ඒ අතුරින් සමාගමක් තෝරා ගැනීමෙන් පසු සහ වාරකන් සමය නිමා වීමෙන් පසු, මේ මස අග හෝ ලබන මස මුල නෞකාව ඉවත් කිරීමේ කටයුතු ආරම්භ කිරීමට නියමිත බව සමුද්‍රීය පරිසර ආරක්ෂණ අධිකාරියේ සභාපති නීතිඥ දර්ශනී ලහඳපුර බීබීසී සිංහල සේවය සමග පැවසීය. එම සියලු කටයුතු සිදුවන්නේ මෙරට බලධාරීන්ගේ අධීක්ෂණය හා උපදේශනය යටතේ බවත් ඇය වැඩිදුරත් පැවසීය.

නිශ්චිත සමාගමක් තෝරා ගැනීමෙන් අනතුරුව නෞකාව එම ස්ථානයෙන් ඉවත් කරන්නේ කෙසේදැයි තීරණය කෙරෙනු ඇති බවට ඇය පැවසීය. නෞකාව එම ස්ථානයෙන් ඇඳගෙන යාම හෝ කපා ඉවත් කිරීම සම්බන්ධයෙන් විශේෂ කමිටුවක් මගින් තීරණය කර උපදෙස් ලබා දීමට නියමිත බවට ඇය පැවසීය.",https://www.bbc.com/sinhala/sri-lanka-58870394,2021-10-20,sample_data/4_si.json
இலங்கையில் வாகன விற்பனையில் ஏற்பட்டுள்ள மாற்றம்,"இலங்கையில் வாகன விற்பனை பாரியளவு வீழ்ச்சி அடைந்துள்ளதாக வாகன இறக்குமதியாளர்கள் தெரிவித்துள்ளனர்.

வாகன இறக்குமதி நிறுத்தப்பட்டதனை தொடர்ந்து பதிவு செய்யப்பட்ட வாகனங்களின் விலை மேலும் அதிகரித்துள்ளதாக அவர்கள் குறிப்பிட்டுள்ளனர்.

வாகன உரிமையாளர்கள் தங்களிடம் உள்ள வாகனங்களை பல்வேறு இணையத்தளங்கள் ஊடாக விற்பனை செய்ய முயற்சிப்பதே இதற்கு காரணமாகும். அவ்வாறு விற்பனை செய்யப்படும் பதிவு செய்யப்பட்ட வாகனங்களின் விலைகள் நியாமற்ற முறையில் உள்ளமையினால் மக்களின் வாகன ஆசை கனவாகவே உள்ளதென இறக்குமதியாளர்கள் தெரிவித்துள்ளனர்.

உதாரணமாக 2016ஆம் ஆண்டு தயாரிக்கப்பட்ட விட்ஸ் மோட்டார் வாகனம் ஒன்று இலங்கையில் 7,650,000 ரூபாய்க்கு விற்பனை செய்யப்படுகின்து.

2019ஆம் தயாரிக்கப்பட்ட விட்ஸ் மோட்டார் வாகனம் ஒன்று ஜப்பான் இணையத்தளத்தில் 10,730 அமெரிக்க டொலர் என குறிப்பிடப்பட்டுள்ளது. அதன் இலங்கை பெறுமதி 2,178,190 ரூபாயாகும்.

அந்த மோட்டார் வாகனத்தின் விலையுடன், கப்பல் கட்டணம் மற்றும் காப்புறுதி கட்டணத்தை சேர்த்தால் அதன் பெறுமதி 2,492,637 ரூபாயாகும். அதற்கமைய 2016ஆம் ஆண்டு தயாரிக்கப்பட்ட விட்ஸ் மோட்டார் வாகனத்திற்கு 5,157,363 ரூபாய் அதிகமாக அறவிடப்படுவதாக இறக்குமதியாளர்கள் சுட்டிக்காட்டியுள்ளனர்.",https://tamilwin.com/article/changes-in-vehicle-sales-1634864133,2021-10-22,sample_data/1_ta.json
Vaccination drive for 16 – 17 age group commences,"COLOMBO (News 1st); The vaccination of school students between the age of 16 – 17 will be administered from Friday (22) at their respective schools at the time fixed by the principal.

Army Commander General Shavendra Silva told News 1st that the vaccine will be administered to those between 15 – 19 years, in the near future.

According to Deputy Director-General of Public Health Services Dr. Hemantha Herath, those who cannot make it for the allocated time, can still obtain the vaccine by visiting the office of the respective Medical Officer of Health on Saturdays.",https://www.newsfirst.lk/2021/10/22/vaccination-drive-for-16-17-age-group-commences/,2021-10-22,sample_data/1_en.json
හදිසි නීතිය: ''සීනි මිල සහ සහල් මිල තීරණය කරන්නත් ඒ බලය ඕනද ?'',"ජනාධිපති ගෝඨාභය රාජපක්ෂ විසින් අගෝස්තු 30 වැනිදා පනවන ලද අත්‍යාවශ්‍ය ආහාර සැපයීම සඳහා වන හදිසි නීති රෙගුලාසිවලට අදාළ ප්‍රකාශනය වැඩි ඡන්ද 81කින් සැප්තැම්බර් 06 වැනිදා පාර්ලිමේන්තුවේදී සම්මත විය.

ඊට පක්ෂව ඡන්ද 132ක් ලැබුණු අතර විපක්ෂව ලැබුණු ඡන්ද සංඛ්‍යාව 51කි.

විපක්ෂය පවසන්නේ අත්‍යාවශ්‍ය සේවා සහ ආහාර සැපයුමට පවතින නීති ප්‍රමාණවත් වන බවය. එබැවින් මෙය මර්දනය සඳහා යොදා ගැනීමේ අවදානමක් ඇති බව ඔවුහු පවසති.

එහෙත් ආණ්ඩු පක්ෂය පවසන්නේ ජනතාවට කාර්යක්ෂම සේවාවක් සැපයීමට පවතින නීති බාධාවක් බැවින් මෙය පාර්ලිමේන්තුවට ඉදිරිපත් කළ බවය.",https://www.bbc.com/sinhala/sri-lanka-58465659,2021-10-06,sample_data/5_si.json
Sri Lanka denies allegations raised over participation at Dubai EXPO,"Sri Lanka has denied allegations raised over its participation at the Dubai EXPO, including with regards to the funds allocated and the events and activities organized by Sri Lanka Tourism.    

Chairperson of Sri Lanka Tourism Kimarli Fernando said that the former Government had made a 580 Million LKR commitment for the EXPO.   


She noted that the Official commitment of Sri Lanka took place on the 08th of July 2019, through the Export Development Board (EDB) and the contract signing ceremony was led by Nalin Bandara, the then Deputy Minister of Development Strategies and International Trade.  However, she said that with the pandemic outbreak, President Gotabaya Rajapaksa had issued a directive to optimise the usage of Government funds so the commitment was reduced to 155.5 Million LKR for the entire EXPO which is taking place from this month until March next year. This includes the funds of managing the pavilion with events and activations in Dubai for six months. She also said that the design of the Sri Lanka pavilion was constructed on a free of charge basis as part of an assistance package which would have otherwise cost Sri Lanka a large sum. “I repeat this was constructed by Expo at no cost to Sri Lanka. Also certain design elements of the pavilion had to be changed from the original layout in accordance with the EXPO DUBAI 2020 HSE guidelines,” she said.   


Fernando also said that there have been multiple suggestions by concerned and enthusiastic Sri Lankans to better Sri Lanka’s presence at the world stage.   
However, she said that with high global standards many of these are against the guidelines set by the organizers. “Serving Sri Lankan beverages like Thambili and Ranawara and other concepts were thought of but with the Covid and expo regulations these ideas could not be implemented. The traditional masks are showcased and we have multiple activities which has churned the interest of many visitors,” she said.   


Fernando also said that Sri Lanka cannot serve any food, unless otherwise they move for an exuberantly high investment and construct a dedicated kitchen fully in compliance with health and safety guidelines which at this point would not be feasible.   


Each country will have a day of their own at the EXPO and the dedicated day for Sri Lanka is the 03rd of January. Sri Lanka hopes to stage a wedding show, batik fashion show as well as a song, dance, drama and drums of Sri Lanka show. Also planned is the Sri Lankan night featuring Yohani in March 2022.   ",https://www.dailymirror.lk/print/front_page/Sri-Lanka-denies-allegations-raised-over-participation-at-Dubai-EXPO/238-223026,2021-10-22,sample_data/8_en.json
எரிபொருள் கொள்வனவிற்காக இந்தியாவிடமிருந்து 500 மில்லியன் டொலர் கடன்,"எரிபொருளை கொள்வனவு செய்வதற்காக இந்தியாவிடமிருந்து 500 மில்லியன் டொலர் கடனை பெறுவதற்கு அரசாங்கம் தீர்மானித்துள்ளது.

இந்திய உயர்ஸ்தானிகராலயத்தின் தலையீட்டின் கீழ், கடனுதவியை விரைவில் பெற்றுக்கொள்ளவுள்ளதாக பெட்ரோலிய கூட்டுத்தாபன தலைவர், சட்டத்தரணி சுமித் விஜேசிங்க தெரிவித்துள்ளார்.

கடனை பெற்றுக் கொள்வதற்கான உடன்படிக்கையில் நாட்டின் எரிசக்தி அமைச்சு மற்றும் இந்திய எரிசக்தி அமைச்சின் செயலாளர்கள் கைச்சாத்திடவுள்ளதாக நிதி அமைச்சின் செயலாளர் எஸ்.ஆர். ஆட்டிகல குறிப்பிட்டுள்ளார்.",https://www.newsfirst.lk/tamil/2021/10/17/%e0%ae%8e%e0%ae%b0%e0%ae%bf%e0%ae%aa%e0%af%8a%e0%ae%b0%e0%af%81%e0%ae%b3%e0%af%8d-%e0%ae%95%e0%af%8a%e0%ae%b3%e0%af%8d%e0%ae%b5%e0%ae%a9%e0%ae%b5%e0%ae%bf%e0%ae%b1%e0%af%8d%e0%ae%95%e0%ae%be%e0%ae%95/,2021-10-17,sample_data/9_ta.json
"ඉන්දියාව පිනවා ‘මැණිකේ’ යළි එයි
","මැණිකේ මගේ හිතේ ගීතයෙන් ලොව ජනාදරයට පත්වූ ශ්‍රී ලාංකීය නව පරපුරේ යොවුන් ගායන ශිල්පිනි යොහානි ද සිල්වා සිය ඉන්දීය සංචාරය නිම කර දිවයිනට පැමිණියා ය.

ඇය මව්බිමට පැමිණියේ, ඊයේ රාත්‍රී 11.25ට ඉන්දියාවේ මුම්බායි සිට ශ්‍රීලන්කන් ගුවන් සේවයේ යූ.එල්- 144 දරන ගුවන් යානයෙනි.

කටුනායක ගුවන් තොටුපළට පැමිණි යොහානිට උණුසුම් පිළිගැනීමක් හිමිවූ අතර ඇය ගුවන් තොටුපළෙන් පිටත්ව යන අවස්ථාවේදී විශේෂ ආරක්ෂාවක් ලබාදී තිබීම ද විශේෂතවයකි.

“මැණිකේ මගේ හිතේ ” ගීතයෙන් මෙරට මෙන්ම ජාත්‍යන්තරය ආදරය දිනාගත් යොහානි ද සිල්වාගේ පළමු ජාත්‍යන්තර ගෘහස්ත ප්‍රසංගය පසුගිය දා ඉන්දියාවේ නවදිල්ලියේදී පැවැත්විය.

ඇය සති දෙකකට ආසන්න කාලයක් ඉන්දියාවේ රැඳී සිටි අතර එහිදී බොලිවුඩ් චිත්‍රපටයක හින්දි භාෂාවෙන් පසුබිම් ගායනයට දායක වීමටත් ඇයට අවස්ථාව හිමිවිය.

එමෙන්ම යොහානි සුපිරි බොලිවුඩ් නළු සල්මන් ඛාන් සමග ඉන්දියාවේ අතිශය ජනප්‍රිය බිග් බොස් වැඩසටහනේ විශේෂ ආරාධිතයෙකු ලෙසත් සම්බන්ධ වූවා ය.

යොහානි ප්‍රතිනිර්මාණය කළ ‘මැණිකේ මගේ හිතේ” ගීතය යූ ටියුබ් නැරඹුම් වාර මිලියන 150 ඉක්මවා ගොස් තිබේ.",https://www.newsfirst.lk/sinhala/2021/10/13/%e0%b6%89%e0%b6%b1%e0%b7%8a%e0%b6%af%e0%b7%92%e0%b6%ba%e0%b7%8f%e0%b7%80-%e0%b6%b4%e0%b7%92%e0%b6%b1%e0%b7%80%e0%b7%8f-%e0%b6%b8%e0%b7%90%e0%b6%ab%e0%b7%92%e0%b6%9a%e0%b7%9a-%e0%b6%ba%e0%b7%85/,2021-10-13,sample_data/9_si.json
இலங்கையில் முதன்முறையான நடந்த அதிசய நிகழ்வு! வைத்தியர் வெளியிட்ட தகவல்,"இலங்கையில் முதல் முறையாக ஒரே பிரசவத்தில் 6 குழந்தைகள் பிறந்துள்ளன.

கொழும்பிலுள்ள பிரபல தனியார் வைத்தியசாலையில் இந்த குழந்தைகள் பிறந்துள்ளன. கொழும்பு அங்கொடை பிரதேசத்தை சேர்ந்த 31 வயதுடைய திலின் வாசனா என்ற பெண்ணே இந்த குழந்தைகளை பிரவசித்துள்ளார்.

இந்த குழந்தைகளை பிரசவிப்பதற்கான சிசேரியன் சத்திரசிகிச்சை மகப்பேறு மற்றும் மகளிர் மருத்துவ நிபுணர் டிரான் டயஸ் தலைமையில் நடைபெற்றுள்ளது. அவரது தலைமையில் 40 ஊழியர்கள் பங்கேற்றுள்ளனர்.

நள்ளிரவு 12.16 க்கு ஆரம்பமான இந்த சிசேரியன் சத்திரசிகிச்சையில் 3 நிமிடங்களுக்குள் 6 குழந்தைகளும் பிரசவிக்கப்பட்டுள்ளது.

இந்த விசேட சந்தர்ப்பத்தில் இணைந்த வைத்திய குழுவினர், இலங்கையில் முதல் முறையாக 6 குழந்தைகள் பிரசவிக்கப்பட்டமை தொடர்பில் ஊடகங்களுக்கு கருத்து வெளியிட்டுள்ளார்.

வயிற்றில் 2 குழந்தைகள் இருக்கும் தாய் ஒருவருக்கு 36 - 37 வாரத்திற்குள் பிரசவம் செய்வோம். 3 குழந்தைகள் இருக்கும் தாய்க்கு 35 வாரங்களில் பிரசவம் பார்ப்போம். எனினும் 6 குழந்தைகள் இருந்தால் எந்த காலத்தில் பிரசவம் பார்ப்பதென்பது குறித்து எங்களால் கண்டுபிடிக்க முடியவில்லை.

இந்த 6 குழந்தைகள் தொடர்பில் ஒவ்வொரு சந்தர்ப்பத்திலும் ஸ்கேன் செய்து பார்த்துக் கொண்டோம். இரண்டு குழந்தைகளின் இரத்த சீராக பயணிக்கவில்லை என கண்டுபிடித்தோம். அதற்கமைய 31 வாரங்களில் பிரசவம் பார்ப்பதற்கு தீர்மானித்தோம்.

இந்த குழந்தைகளில் முதல் குழந்தை 1 கிலோ 600 கிராமாகும். கடைசி குழந்தை 830 கிராமாகும். இது எங்கள் முதல் 6 குழந்தை பிரசவமாகும். இது மிகவும் சவாலாக இருந்தது.

இந்த குழந்தைகளை பிரசவிப்பதற்கு முன்னர் நாங்கள் பல்வேறு பயிற்சிகளையும் மேற்கொண்டோம். பொதுவான சிசேரியன் சத்திர சிகிச்சை செய்யும் முறையிலேயே இதனையும் செய்தோம்.

எனினும் 48 மணி நேரங்கள் தீவிர கண்கானிப்பில் தாயையும் குழந்தைகளையும் கண்கானிக்கி்றோம். ஒரு குழந்தை மாத்திரம் சுவாச கருவியின் உதவியுடன் வைக்கப்பட்டுள்ளது.

ஏனைய அனைத்து குழந்தைகளும் சீரான முறையில் சுவாசிக்கின்றார்கள். 2 அல்லது 3 வாரங்கள் அவர்களை வைத்தியசாலையில் வைத்துக் கொள்ள வேண்டும்” என தெரிவித்துள்ளனர். ",https://tamilwin.com/article/the-first-miraculous-event-in-sri-lanka-1634869584?itm_source=parsely-api,2021-10-22,sample_data/5_ta.json
"NO Fuel Price Hike & NO Fuel Shortage, assures Gammanpila","COLOMBO (News 1st); Sri Lanka’s Energy Minister Udaya Gammanpila said that there is no plan to hike fuel prices in the country.

Speaking to News 1st, the Minister also assured that there is no shortage of fuel in the country.",https://www.newsfirst.lk/2021/10/22/no-fuel-price-hike-no-fuel-shortage-assures-gammanpila/,2021-10-22,sample_data/4_en.json
”කිසිසේත් ඉන්ධන මිල වැඩි වෙන්නේ නැහැ..”- ඇමති ගම්මන්පිල,"ඉන්ධන මිල වැඩි කිරීමේ කිසිදු බලාපොරොත්තුවක් නොමැති බව බලශක්ති අමාත්‍ය උදය ගම්මන්පිල මහතා පවසයි.
අමාත්‍යවරයා සඳහන් කරන්නේ, රට තුළ කිසිදු ඉන්ධන හිඟයක් ද නොමැති බවයි.

මේ අතර  ලංකා ඛනිජ නීතිගත සංස්ථාව පවසන්නේ, ඉන්ධන මිල සම්බන්ධයෙන් අද (22) පස්වරුවේ සාකච්ඡාවක් පැවැත්වෙන බවයි.

විෂය භාර අමාත්‍ය උදය ගම්මන්පිල මහතා සමග එම සාකච්ඡාවක් පැවැත්වෙන බව එහි සභාපති සුමිත් විජේසිංහ මහතා පැවසී ය.",https://www.newsfirst.lk/sinhala/2021/10/22/%e0%b6%9a%e0%b7%92%e0%b7%83%e0%b7%92%e0%b7%83%e0%b7%9a%e0%b6%ad%e0%b7%8a-%e0%b6%89%e0%b6%b1%e0%b7%8a%e0%b6%b0%e0%b6%b1-%e0%b6%b8%e0%b7%92%e0%b6%bd-%e0%b7%80%e0%b7%90%e0%b6%a9%e0%b7%92-%e0%b7%80/,2021-10-22,sample_data/1_si.json
வெளிநாட்டு கடவுச்சீட்டு வழங்கும் நடவடிக்கை தற்காலிகமாக நிறுத்தம்,"வெளிநாட்டு கடவுச்சீட்டு பெற்றுக்கொள்வதில் திடீரென ஏற்பட்ட அதிகரிப்பு காரணமாக அதனை பெற்றுக் கொள்வதற்கு நேரம் ஒதுக்கிக் கொள்ளவிருந்த வசதி ஒக்டோபர் மாதம் வரை முழுமை அடைந்துள்ளது.

இதன் காரணமாக முன்கூட்டியே நேரம் ஒதுக்கிக் கொள்வதற்கான சந்தர்ப்பம் எதிர்வரும் நவம்பர் மாதத்திலேயே உள்ளதென குடிவரவு குடியகல்வு திணைக்களம் தெரிவித்துள்ளது.

முற்கூட்டியே நேரம் அல்லது திகதியை ஒதுக்கிக் கொள்வதற்கான வசதிகளின் கீழ் நாள் ஒன்றுக்கு 1000 கடவுச்சீட்டுகள் வெளியிடப்படுவதாக திணைக்களத்தின் குடிவரவு குடியகல்வு திணைக்களத்தின் கடவுச்சீட்டு பிரிவு கட்டுப்பாட்டு அதிகாரி எச்.பீ.சந்திரலால் தெரிவித்துள்ளார்.

கடந்த 18ஆம் திகதி மாத்திரம் ஒரு நாள் மற்றும் பொது சேவையின் கீழ் 4700 விண்ணப்பங்களை ஏற்க நேரிட்டுள்ளது. இதனால் எல்லையற்ற அளவு வெளிநாட்டு கடவுச்சீட்டுகள் வழங்கப்படுவதனால் குடிவரவு மற்றும் குடியகல்வு திணைக்களம் கடும் நெருக்கடிக்குள்ளாகியுள்ளது.

எனினும் எதிர்வரும் நவம்பர் மாதம் முதல் இந்த நெருக்கடி குறையும் என தான் நம்புவதாக குடிவரவு குடியகல்வு திணைக்களத்தின் கடவுச்சீட்டு பிரிவு கட்டுப்பாட்டு அதிகாரி எச்.பீ.சந்திரலால் மேலும் தெரிவித்துள்ளார்.",https://tamilwin.com/article/passport-providing-suspended-1634785728?itm_source=parsely-api,2021-10-21,sample_data/4_ta.json
LIOC to increase Diesel and Petrol prices by Rs.5,"The Lanka IOC has increased its retail selling prices for both Diesel (Lanka Auto Diesel) & Petrol (LP 92 ) by Rs. 5 per litre from tonight due to huge losses on sales of both the products. 

The LIOC Manager Commercial Manjula Abeywickrama said the prices of Lanka Super Diesel and LP 95 have been kept unchanged. 

The losses are around Rs. 40 per litre on sale of Diesel and Rs. 20 per litrer on sale of Petrol at the current international prices. 

The last price revision took place on June 12. However, since then the Brent crude oil prices have increased from $72 to $86 per barrel in the international market. 

However, even after this price increase in Diesel and Petrol, LIOC will still have to bear significant losses at prevailing international prices for which they have been requesting to Ministry of Finance and Ministry of Energy to take necessary steps to provide relief to organization, Abeywickrama said.",https://www.dailymirror.lk/top_story/LIOC-to-increase-Diesel-and-Petrol-prices-by-Rs-5/155-222998,2021-10-21,sample_data/5_en.json
20 යි 20 ලෝක කුසලානය: නෙදර්ලන්ත – ශ්‍රී ලංකා තරගය අද,"පන්දුවාර 20 යි 20 ලෝක කුසලාන ක්‍රිකට් තරගාවලියේ, සුදුසුකම් ලැබීමේ තරග වටයේ, ශ්‍රී ලංකා සහ නෙදර්ලන්ත කණ්ඩායම් අතර තරගය අද (22) සාජාහිදී පැවැත්වීමට නියමිතයි .
තරගය මෙරට වේලාවෙන් රාත්‍රී 7 .30 ට ආරම්භ වනු ඇති.

ශ්‍රී ලංකා කණ්ඩායම මේ වන විටත් මෙවර පන්දුවාර 20 යි 20 ලෝක කුසලාන ක්‍රිකට් තරගාවලියේ සුපිරි කණ්ඩායම් 12 දෙනාගේ වටයේ සිය ස්ථානය තහවුරු කර ගෙන අවසන් ය.",https://www.newsfirst.lk/sinhala/2021/10/22/20-%e0%b6%ba%e0%b7%92-20-%e0%b6%bd%e0%b7%9d%e0%b6%9a-%e0%b6%9a%e0%b7%94%e0%b7%83%e0%b6%bd%e0%b7%8f%e0%b6%b1%e0%b6%ba-%e0%b6%b1%e0%b7%99%e0%b6%af%e0%b6%bb%e0%b7%8a%e0%b6%bd%e0%b6%b1%e0%b7%8a%e0%b6%ad/,2021-10-22,sample_data/8_si.json
தொழிலுக்காக வெளிநாடு செல்வோருக்கு விசேட அறிவிப்பு,"தொழிலுக்காக வெளிநாடுகளுக்குச் செல்பவர்கள் இடைத்தரகர்களிடம் சிக்காமல், தங்களது செயற்பாடுகளை முன்னெடுக்குமாறு வெளிநாட்டு வேலை வாய்ப்பு பணியகம் அறிவுறுத்தியுள்ளது.

வெளிநாட்டு வேலை வாய்ப்புக்கான நேரடி அணுகல்களை அதன் கட்டுப்பாட்டின் கீழ் உரிமம் பெற்ற தரப்பினரிடமிருந்து மாத்திரம் பெற்றுக்கொள்ளுமாறு அந்தப் பணியகம் விடுத்துள்ள அறிக்கையில் குறிப்பிடப்பட்டுள்ளது.

அத்துடன், உரிமம் பெற்ற 800 முகவர்கள் மற்றும் நிறுவனங்கள் உள்ளதாக வெளிநாட்டு வேலை வாய்ப்பு பணியகம் சுட்டிக்காட்டியுள்ளது.

தொழில் வாய்ப்புகளுக்காக வெளிநாடு செல்வதில் ஏதேனும் சிக்கல் நிலை காணப்படுமாயின் வெளிநாட்டு வேலை வாய்ப்பு பணியகத்தின் 1989 என்ற இலக்கத்திற்கு அழைப்பை மேற்கொள்ள முடியும் என அறிவிக்கப்பட்டுள்ளது.",https://www.tamilmirror.lk/%E0%AE%9A%E0%AF%86%E0%AE%AF%E0%AF%8D%E0%AE%A4%E0%AE%BF%E0%AE%95%E0%AE%B3%E0%AF%8D/%E0%AE%A4%E0%AE%B4%E0%AE%B2%E0%AE%95%E0%AE%95%E0%AE%95-%E0%AE%B5%E0%AE%B3%E0%AE%A8%E0%AE%9F-%E0%AE%9A%E0%AE%B2%E0%AE%B5%E0%AE%B0%E0%AE%95%E0%AE%95-%E0%AE%B5%E0%AE%9A%E0%AE%9F-%E0%AE%85%E0%AE%B1%E0%AE%B5%E0%AE%AA%E0%AE%AA/175-283615,2021-10-21,sample_data/6_ta.json
ලබන 31 වනදා සිට පළාත් අතර සංචරණ සීමා ඉවතට,"දැනට ක්‍රියාත්මක පළාත් සංචරණ සීමා ඔක්තෝබර් 31 අලුයම 4.00 ට ඉවත් කරන බව කොවිඩ් – 19 පැතිරීම වැළැක්වීමේ ජාතික ක්‍රියාන්විත මධ්‍යස්ථානයේ ප්‍රධානි, ආරක්ෂක මාණ්ඩලික ප්‍රධානි සහ යුද්ධ හමුදාපති ජෙනරාල් ශවේන්ද්‍ර සිල්වා මහතා පවසයි.
යුද හමුදාපතිවරයා සඳහන් කළේ, සෞඛ්‍ය සේවකයින්, ත්‍රිවිද හමුදාව, පොලීසිය ඇතුළු ඉදිරි පෙළ කාර්ය මණ්ඩල සඳහා තෙවැනි මාත්‍රාව (බූස්ටර් එන්නතක්) ලබා දීම නොවැම්බර් 01 වැනිදායින් පසු ආරම්භ කරන බවයි.",https://www.newsfirst.lk/sinhala/2021/10/22/news-just-in-%e0%b6%bd%e0%b6%b6%e0%b6%b1-31-%e0%b7%80%e0%b6%b1%e0%b6%af%e0%b7%8f-%e0%b7%83%e0%b7%92%e0%b6%a7-%e0%b6%b4%e0%b7%85%e0%b7%8f%e0%b6%ad%e0%b7%8a-%e0%b6%85%e0%b6%ad%e0%b6%bb-%e0%b7%83/,2021-10-22,sample_data/10_si.json
මේ ගැන පොත්වල විස්තර නෑ. අත්දැකීමෙන් සහ පළපුරුද්දෙන් කළේ.,"කොළඹ, පෞද්ගලික රෝහලකදී උපත ලැබූ දරුවන් හයදෙනා මේ වන විට හොඳ සෞඛ්‍ය තත්ත්වයෙන් සිටින බව වෛද්‍යවරු පවසති.

ඔක්තෝම්බර් 20 වැනිදා රාත්‍රී 12.16ට පමණ උපත ලද මේ දරුවන් බිහි කළ මව කොළඹ IDH ප්‍රදේශයේ පදිංචිකාරිනියකි.

මහාචාර්ය ටිරාන් ඩයස්ගේ ප්‍රධානත්වයෙන් යුතු වෛද්‍ය කණ්ඩායමක් සිසේරියන් සැත්කම සිදුකර තිබේ.

ශ්‍රී ලංකාවෙන් සය නිවුන් දරු උපතක් වාර්තා වෙන ප්‍රථම අවස්ථාව මෙය බව නව ජන්ම ළදරුවන් පිළිබඳ විශේෂඥ වෛද්‍ය නලීන් ගමඇතිගේ පවසයි.",https://www.bbc.com/sinhala/sri-lanka-58993273,2021-10-21,sample_data/3_si.json
X-Press Pearl inferno : Environmentalists raise concerns on damage assessment process,"In September, the International Tank Owners Pollution Federation (ITOPF), a non-government body registered in the UK which is funded by ship owners has been invited by authorities to help in cleaning nurdles and assessing the damage. Environmentalists claim that this Company doesn’t have the required expertise to deal with nurdle spills 
The X-Press Pearl is currently at a unique marine area and we believe that there are three different types of oil in the ship posing a risk of oil spills in the near future

 

Five months after the X-press Pearl container vessel caught fire, Sri Lankan authorities are still taking snail-paced efforts to assess the damage. Even though environmentalists and several marine experts claimed that it appeared to be an irreversible disaster, the government still hasn’t given a clear picture on the matter. It has been estimated that approximately 85 billion high density and low density plastic nurdles spilled from ship. At the onset of the incident, the three armed forces personnel were deployed to manually clear the beaches. Subsequently a local inventor took the initiative to clean the Sarakkuwa Beach which was identified as a red zone. But today, this machine has ceased operations on the request of authorities and on any given day, around 100 women from the local community could be seen at the Sarakkuwa Beach, manually cleaning nurdles, 
sans protective gear or safety measures.  

",https://www.dailymirror.lk/news-features/X-Press-Pearl-inferno-Environmentalists-raise-concerns-on-damage-assessment-process/131-222554,2021-10-15,sample_data/7_en.json
சுப்பர் - 12-இல் இலங்கை,"சர்வதேச கிரிக்கெட் சபையின் இருபதுக்கு - 20 உலகக் கிண்ணத் தொடரின் சுப்பர்-12 சுற்றுக்கு இலங்கை தகுதி பெற்றுள்ளது.

ஐக்கிய அரபு அமீரகத்தின் அபு தாபியில் நேற்றிரவு நடைபெற்ற அயர்லாந்துடனான குழு ஏ போட்டியில் வென்றமையைத் தொடர்ந்தே இன்னும் ஒரு போட்டி மீதமிருக்கையிலேயே சுப்பர்-12 சுற்றுக்கு இலங்கை தகுதி பெற்றுள்ளது.

ஸ்கோர் விவரம்:

நாணயச் சுழற்சி: இலங்கை

இலங்கை: 171/7 (20 ஓவ. ) (துடுப்பாட்டம்: வனிடு ஹஸரங்க 71 (47), பதும் நிஸங்க 61 (47), தசுன் ஷானக ஆ.இ 21 (11) ஓட்டங்கள். பந்துவீச்சு: ஜொஷ் லிட்டில் 4/23 [4], மார்க் அடைர் 2/35 [4], போல் ஸ்டேர்லிங்க் 1/4 [1], கிரேய்க் யங்க் 0/24 [4])

அயர்லாந்து: 101/10 (18.3 ஓவ. ) (பந்துவீச்சு: மஹேஷ் தீக்‌ஷன 3/17 [4], லஹிரு குமார 2/22 [4], சாமிக கருணாரத்ன 2/27 [3.3], வனிடு ஹஸரங்க 1/12 [4], துஷ்மந்த சமீர 1/16 [3])

போட்டியின் நாயகன்: வனிடு ஹஸரங்க

இதேவேளை, மற்றைய போட்டியில் நெதர்லாந்தை நமீபியா வென்றிருந்தது.

இந்நிலையில், ஷார்ஜாவில் நாளை பிற்பகல் 3.30 மணிக்கு நடைபெறவுள்ள போட்டியில் அயர்லாந்தும், நமீபியாவும் மோதவுள்ளதுடன், இரவு 7.30 மணிக்கு நடைபெறவுள்ள போட்டியில் நெதர்லாந்தும், இலங்கையும் மோதவுள்ளன.",https://www.tamilmirror.lk/%E0%AE%AA%E0%AE%BF%E0%AE%B0%E0%AE%A4%E0%AE%BE%E0%AE%A9-%E0%AE%B5%E0%AE%BF%E0%AE%B3%E0%AF%88%E0%AE%AF%E0%AE%BE%E0%AE%9F%E0%AF%8D%E0%AE%9F%E0%AF%81/%E0%AE%9A%E0%AF%81%E0%AE%AA%E0%AF%8D%E0%AE%AA%E0%AE%B0%E0%AF%8D-12-%E0%AE%87%E0%AE%B2%E0%AF%8D-%E0%AE%87%E0%AE%B2%E0%AE%99%E0%AF%8D%E0%AE%95%E0%AF%88/44-283567,2021-10-21,sample_data/7_ta.json
"වයස 16 ,17 පාසල් සිසුන් එන්නත්කරණය අදාළ පාසල්වලදී…","වයස 16 , 17 පාසල් සිසුන් සඳහා  විදුහල්පතිවරයා දන්වන වේලාව අනුව අදාළ පාසල්වලදී කොවිඩ් මර්දන එන්නත් ලබාදීමට අද (22) සිට පියවර ගන්නා බව කොවිඩ් – 19 පැතිරීම වැළැක්වීමේ ජාතික ක්‍රියාන්විත මධ්‍යස්ථාන ප්‍රධානි, ආරක්ෂක මාණ්ඩලික ප්‍රධානි සහ යුද්ධ හමුදාපති ජෙනරාල් ශවේන්ද්‍ර සිල්වා මහතා පවසයි.
යුද හමුදාපතිවරයා පැවසුවේ, වයස 15 -19 අතර වයස් කාණ්ඩයේ සියලු සිසුන් එන්නත්කරණය ඉදිරි දිනවලදී සිදු කරනු ඇති බවයි.",https://www.newsfirst.lk/sinhala/2021/10/22/%e0%b7%80%e0%b6%ba%e0%b7%83-16-17-%e0%b6%b4%e0%b7%8f%e0%b7%83%e0%b6%bd%e0%b7%8a-%e0%b7%83%e0%b7%92%e0%b7%83%e0%b7%94%e0%b6%b1%e0%b7%8a-%e0%b6%91%e0%b6%b1%e0%b7%8a%e0%b6%b1%e0%b6%ad%e0%b7%8a%e0%b6%9a/,2021-10-22,sample_data/2_si.json
Easter Sunday attacks Perpetrators cannot hold on to power for long: Cardinal,"Those who used the Easter Sunday mayhem to gain power will not be able to stay in power for long if they had a hand in it, Archbishop of Colombo Cardinal Malcolm Ranjith said yesterday.    

Cardinal Ranjith who was speaking at a service held to mark the 30th month since the bomb attacks took place, said it had become a curse as no one can live happily today while many are unable to even earn a living.   
“It appears that Sri Lanka is suffering a curse since the Easter Sunday bomb attacks as no one can live happily earning whatever they can, while those who are in power find it difficult to run the country. Those who came to power using the Easter Sunday attacks will not be able to hold on to power for long,” Cardinal Ranjith said.   
“ We sometimes wonder whether those who rule the country today are also stakeholders of the Easter Sunday conspiracy when observing the manner in which the investigations are conducted.” 
he added.   


“We have done everything possible to uncover the truth behind the Easter Sunday mayhem and now we seek divine intervention to uncover the truth and to meet out justice to those who were affected by the tragedy. God will help us as he helped the Israelites to move away from Egypt where they were kept as slaves. The Patron Saint of this church St. Anthony will also intercede on behalf of us in the manner he helped to uncover the truth behind a murder that his own father was accused of” he said.",https://www.dailymirror.lk/print/front_page/Easter-Sunday-attacks-Perpetrators-cannot-hold-on-to-power-for-long-Cardinal/238-223029,2021-10-22,sample_data/6_en.json
